{
  "projects": [
    {
      "imageUrl": "http://placehold.it/500x300/f6f0e",
      "id": 1,
      "name": "Matdexon",
      "description": "Lorem ipsum dolor sit amet, consectetur adipisicing elit. Facere, soluta, eligendi doloribus sunt minus amet sit debitis repellat.",
      "contractTypeId": 1,
      "isActive": true,
      "contractSignedOn": "2015-12-10T05:00:00.000Z",
      "budget": 30000,
      "editing": false
    },
    {
      "imageUrl": "http://placehold.it/500x300/f6f0e",
      "id": 2,
      "name": "Elastic Doors",
      "description": "Quisque ornare sodales feugiat. Mauris iaculis nunc vitae elit commodo lobortis. Sed dapibus, odio sit amet sodales malesuada.",
      "contractTypeId": 2,
      "isActive": true,
      "contractSignedOn": "2016-03-05T05:00:00.000Z",
      "budget": 25233,
      "editing": false
    },
    {
      "imageUrl": "http://placehold.it/500x300/f6f0e",
      "id": 3,
      "name": "Remote Wrench",
      "description": "Sed a fermentum diam. Vestibulum vel dignissim nisi, ultrices finibus odio. Sed nec tempus elit. Quisque auctor sem odio.",
      "contractTypeId": 1,
      "isActive": true,
      "contractSignedOn": "2016-03-05T05:00:00.000Z",
      "budget": 25233,
      "editing": false
    },
    {
      "imageUrl": "http://placehold.it/500x300/f6f0e",
      "id": 4,
      "name": "Dusty Epsilon",
      "description": "Nunc cursus purus malesuada, dignissim augue ac, ullamcorper turpis. Nullam efficitur odio id nulla eleifend, vel tempus.",
      "contractTypeId": 1,
      "isActive": true,
      "contractSignedOn": "2016-03-05T05:00:00.000Z",
      "budget": 25233
    },
    {
      "imageUrl": "http://placehold.it/500x300/f6f0e",
      "id": 5,
      "name": "Kaylux",
      "description": "Pellentesque eu mauris vel sem laoreet blandit ac ac erat. Morbi lorem justo, commodo at faucibus vitae, consequat.",
      "contractTypeId": 1,
      "isActive": true,
      "contractSignedOn": "2016-03-05T05:00:00.000Z",
      "budget": 25233
    },
    {
      "imageUrl": "http://placehold.it/500x300/f6f0e",
      "id": 6,
      "name": "Tipis",
      "description": "Aliquam rhoncus, libero eget feugiat rutrum, tortor sem posuere elit, scelerisque eleifend mi mi sit amet.",
      "contractTypeId": 2,
      "isActive": true,
      "contractSignedOn": "2016-03-05T05:00:00.000Z",
      "budget": 25233
    },
    {
      "imageUrl": "http://placehold.it/500x300/f6f0e",
      "id": 7,
      "name": "Scarlet Weeknight",
      "description": "Fusce quis quam eget sapien sodales iaculis. Curabitur aliquet at erat sed cursus. In hendrerit.",
      "contractTypeId": 1,
      "isActive": true,
      "contractSignedOn": "2016-03-05T05:00:00.000Z",
      "budget": 25233
    }
  ]
}